{
    "MPJPE": {
        "avg_mm": 43.53240877389908,
        "values": {
            "downtown_runForBus_01": 42.768821120262146,
            "downtown_walkBridge_01": 38.14246505498886,
            "flat_guitar_01": 31.57321736216545,
            "downtown_upstairs_00": 34.5623604953289,
            "downtown_bus_00": 56.06301873922348,
            "downtown_runForBus_00": 44.855788350105286,
            "downtown_walking_00": 38.10705989599228,
            "downtown_walkUphill_00": 32.36239403486252,
            "downtown_stairs_00": 51.588211208581924,
            "office_phoneCall_00": 34.12390127778053,
            "downtown_cafe_00": 36.54365986585617,
            "downtown_enterShop_00": 33.27540308237076,
            "downtown_arguing_00": 44.05199736356735,
            "downtown_car_00": 45.40390521287918,
            "downtown_sitOnStairs_00": 45.83045467734337,
            "downtown_weeklyMarket_00": 43.28521341085434,
            "outdoors_fencing_01": 36.38754412531853,
            "flat_packBags_00": 48.98734763264656,
            "downtown_downstairs_00": 47.36015573143959,
            "downtown_crossStreets_00": 51.94927379488945,
            "downtown_rampAndStairs_00": 40.80169275403023,
            "downtown_warmWelcome_00": 58.34989622235298,
            "downtown_bar_00": 53.215183317661285,
            "downtown_windowShopping_00": 35.929251462221146
        }
    },
    "PA_MPJPE": {
        "avg_mm": 27.678754180669785,
        "values": {
            "downtown_runForBus_01": 26.510650292038918,
            "downtown_walkBridge_01": 21.87025547027588,
            "flat_guitar_01": 21.895822137594223,
            "downtown_upstairs_00": 21.617861464619637,
            "downtown_bus_00": 34.66038033366203,
            "downtown_runForBus_00": 27.873901650309563,
            "downtown_walking_00": 23.486409336328506,
            "downtown_walkUphill_00": 22.535787895321846,
            "downtown_stairs_00": 35.3347547352314,
            "office_phoneCall_00": 20.173875615000725,
            "downtown_cafe_00": 20.829426124691963,
            "downtown_enterShop_00": 21.061131730675697,
            "downtown_arguing_00": 30.228354036808014,
            "downtown_car_00": 28.139319270849228,
            "downtown_sitOnStairs_00": 29.161302372813225,
            "downtown_weeklyMarket_00": 24.48246441781521,
            "outdoors_fencing_01": 24.70638044178486,
            "flat_packBags_00": 29.174651950597763,
            "downtown_downstairs_00": 32.77397155761719,
            "downtown_crossStreets_00": 30.889393761754036,
            "downtown_rampAndStairs_00": 26.768093928694725,
            "downtown_warmWelcome_00": 38.89821469783783,
            "downtown_bar_00": 38.80894184112549,
            "downtown_windowShopping_00": 21.59891277551651
        }
    },
    "MPVPE": {
        "avg_mm": 53.44320461153984,
        "values": {
            "downtown_runForBus_01": 50.94917118549347,
            "downtown_walkBridge_01": 44.908687472343445,
            "flat_guitar_01": 35.99976375699043,
            "downtown_upstairs_00": 39.48937729001045,
            "downtown_bus_00": 76.78967714309692,
            "downtown_runForBus_00": 52.50493064522743,
            "downtown_walking_00": 46.32921144366264,
            "downtown_walkUphill_00": 38.78500685095787,
            "downtown_stairs_00": 62.69422173500061,
            "office_phoneCall_00": 38.48301246762276,
            "downtown_cafe_00": 43.106116354465485,
            "downtown_enterShop_00": 42.721834033727646,
            "downtown_arguing_00": 62.327880412340164,
            "downtown_car_00": 54.41121757030487,
            "downtown_sitOnStairs_00": 55.937062948942184,
            "downtown_weeklyMarket_00": 47.49136045575142,
            "outdoors_fencing_01": 49.95373263955116,
            "flat_packBags_00": 57.7935092151165,
            "downtown_downstairs_00": 52.284371107816696,
            "downtown_crossStreets_00": 62.57316470146179,
            "downtown_rampAndStairs_00": 45.28776928782463,
            "downtown_warmWelcome_00": 74.73677396774292,
            "downtown_bar_00": 66.06115400791168,
            "downtown_windowShopping_00": 45.16993090510368
        }
    }
}